abdurezak.jpg	1	1	1
alan.jpg	0	0	0
alec.jpg	0	0	0
alex.jpg	0	0	0
andy.jpg	0	0	0
andyw.jpg	1	1	1
austin.jpg	0	0	0
basel.jpg	0	0	1
ben.jpg	  0	0	0
bruno.jpg	1	0	1
bryan.jpg	0	0	0
caleb.jpg	1	1	0
cesar.jpg	0	0	0
chris.jpg	0	0	0
christian.jpg	1	0	1
cole.jpg	0	0	1
conor.jpg	0	0	0
daniel.jpg	0	0	0
danielr.jpg	0	1	0
daren.jpg	0	0	0
darius.jpg	0	0	0
davey.jpg	0	0	0
david.jpg	0	0	1
deven.jpg	0	0	1
donovan.jpg	1	0	1
dylan.jpg	0	1	1
eduardo.jpg	0	0	0
erez.jpg	0	0	0
erik.jpg	0	0	0
filip.jpg	0	0	0
grant.jpg	1	1	0
handong.jpg	0	0	0
henry.jpg	0	0	0
ilde.jpg	0	0	0
jackson.jpg	1	1	0
jake.jpg	0	0	0
jamie.jpg	0	0	0
jason.jpg	0	0	0
jasonc.jpg	0	1	1
jean.jpg	1	0	1
jerry.jpg	0	0	0
jimmie.jpg	1	0	0
jin.jpg	  0	0	1
joe.jpg	  1	1	1
john.jpg	0	0	0
johnny.jpg	0	0	0
jon.jpg	  0	0	0
jonathan.jpg	0	0	0
jordan.jpg	0	0	1
josh.jpg	0	0	1
joshua.jpg	0	0	0
jovin.jpg	0	1	0
jullia.jpg	0	0	0
justin.jpg	0	0	0
justus.jpg	0	0	0
kamran.jpg	0	0	0
kevin.jpg	0	0	0
kevins.jpg	0	0	0
kevon.jpg	0	0	0
leszek.jpg	0	0	0
louis.jpg	0	0	0
louisa.jpg	1	0	1
luran.jpg	0	0	0
mack.jpg	0	0	1
mandela.jpg	0	0	0
marcus.jpg	0	1	1
marlon.jpg	1	0	1
matt.jpg	0	0	0
mattj.jpg	0	0	0
max.jpg	   0	0	0
maxh.jpg	0	0	0
mezu.jpg	0	0	0
michael.jpg	1	0	0
michaela.jpg	0	0	1
michaels.jpg	0	0	0
mirza.jpg	0	0	0
nathan.jpg	0	0	0
neel.jpg	0	0	1
omar.jpg	0	0	0
pablo.jpg	0	0	0
pavan.jpg	0	0	0
pepe.jpg	0	1	0
peyten.jpg	0	0	0
pradeep.jpg	0	0	0
priten.jpp	0	0	0
sam.jpg   	1	1	1
samuel.jpg	0	0	0
samuell.jpg	1	0	0
sunui.jpg	0	0	1
tim.jpg 	0	0	1
timothy.jpg	0	0	0
timothy1.jpg	0	0	0
tristen.jpg	0	0	0
tyler.jpg	0	0	0
tylerf.jpg	1	1	0
valentino.jpg	0	0	0
william.jpg	0	0	1
williaml.jpg	0	0	0
willie.jpg	0	0	0
wyatt.jpg	0	0	0